Residue number,DDS
1,-0.003
2,-0.003
3,-0.004
4,-0.006
5,-0.006
6,-0.008
7,-0.008
8,-0.006
9,-0.005
10,-0.004
11,-0.005
12,-0.005
13,-0.005
14,-0.004
15,-0.003
16,-0.003
17,-0.005
18,-0.005
19,-0.01
20,-0.012
21,-0.02
22,-0.021
23,-0.025
24,-0.027
25,-0.02
26,-0.013
27,-0.008
28,-0.009
29,-0.011
30,-0.005
31,-0.005
32,-0.012
33,-0.013
34,-0.011
35,-0.017
36,-0.025
37,-0.025
38,-0.027
39,-0.017
40,-0.015
41,-0.007
42,-0.007
43,-0.006
44,-0.003
45,-0.001
46,-0.001
47,-0.005
48,-0.014
49,-0.028
50,-0.045
51,-0.069
52,-0.066
53,-0.048
54,-0.038
55,-0.025
56,-0.012
57,-0.01
58,-0.003
59,-0.004
60,-0.003
61,-0.004
62,-0.005
63,-0.008
64,-0.018
65,-0.019
66,-0.007
67,0.013
68,0.002
69,-0.008
70,-0.01
71,-0.003
72,-0.008
73,-0.007
74,-0.003
75,-0.005
76,-0.006
77,-0.003
78,-0.002
79,-0.004
80,-0.008
81,-0.007
82,-0.006
83,-0.005
84,-0.005
85,-0.002
86,-0.004
87,-0.004
88,-0.007
89,-0.009
90,-0.011
91,-0.013
92,-0.012
93,-0.012
94,-0.011
95,-0.009
96,-0.009
97,-0.011
98,-0.013
99,-0.011
100,-0.013
101,-0.015
102,-0.017
103,-0.019
104,-0.022
105,-0.019
106,-0.015
107,-0.014
108,-0.013
109,-0.012
110,-0.009
111,-0.008
112,-0.007
113,-0.006
114,-0.004
115,-0.005
116,-0.024
117,-0.033
118,-0.028
119,-0.021
120,-0.027
121,-0.032
122,-0.033
123,-0.046
124,-0.042
125,-0.041
126,-0.034
127,-0.026
128,-0.026
129,-0.025
130,-0.019
131,-0.015
132,-0.016
133,-0.015
134,-0.011
135,-0.01
136,-0.013
137,-0.011
138,-0.01
139,-0.011
140,-0.013
141,-0.012
142,-0.015
143,-0.016
144,-0.022
145,-0.019
146,-0.02
147,-0.016
148,-0.018
149,-0.022
150,-0.023
151,-0.029
152,-0.027
153,-0.034
154,-0.04
155,-0.039
156,-0.028
157,-0.033
158,-0.038
159,-0.029
160,-0.025
161,-0.035
162,-0.035
163,-0.025
164,-0.031
165,-0.04
166,-0.035
167,-0.029
168,-0.038
169,-0.045
170,-0.038
171,-0.038
172,-0.052
173,-0.049
174,-0.036
175,-0.033
176,-0.04
177,-0.054
178,-0.049
179,-0.039
180,-0.05
181,-0.062
182,-0.051
183,-0.045
184,-0.06
185,-0.062
186,-0.047
187,-0.051
188,-0.066
189,-0.062
190,-0.046
191,-0.044
192,-0.038
193,-0.045
194,-0.042
195,-0.048
196,-0.039
197,-0.029
198,-0.029
199,-0.026
200,-0.022
201,-0.03
202,-0.038
203,-0.033
204,-0.033
205,-0.047
206,-0.05
207,-0.044
208,-0.056
209,-0.071
210,-0.066
211,-0.062
212,-0.06
213,-0.042
214,-0.033
215,-0.022
216,-0.018
217,-0.013
218,-0.008
219,-0.008
220,-0.005
221,-0.004
222,-0.006
223,-0.007
224,-0.007
225,-0.012
226,-0.012
227,-0.009
228,-0.011
229,-0.02
230,-0.022
231,-0.016
232,-0.04
233,-0.06
234,-0.053
235,-0.034
236,-0.02
237,-0.012
238,-0.01
239,-0.009
240,-0.012
241,-0.012
242,-0.014
243,-0.016
244,-0.025
245,-0.033
246,-0.038
247,-0.031
248,-0.026
249,-0.021
250,-0.017
251,-0.011
252,-0.008
253,-0.004
254,-0.004
255,-0.007
256,-0.011
257,-0.013
258,-0.009
259,-0.01
260,-0.016
261,-0.017
262,-0.012
263,-0.013
264,-0.02
265,-0.029
266,-0.03
267,-0.029
268,-0.042
269,-0.05
270,-0.06
271,-0.057
272,-0.045
273,-0.052
274,-0.055
275,-0.043
276,-0.05
277,-0.068
278,-0.046
279,-0.028
280,-0.028
281,-0.042
282,-0.028
283,-0.022
284,-0.024
285,-0.022
286,-0.021
287,-0.019
288,-0.016
289,-0.015
290,-0.015
291,-0.013
292,-0.01
293,-0.012
294,-0.013
295,-0.007
296,-0.007
297,-0.012
298,-0.009
299,-0.005
300,-0.009
301,-0.016
302,-0.015
303,-0.008
304,-0.01
305,-0.016
306,-0.023
307,-0.034
308,-0.044
309,-0.054
310,-0.067
311,-0.063
312,-0.05
313,-0.037
314,-0.033
315,-0.023
316,-0.023
317,-0.013
318,-0.01
319,-0.006
320,-0.011
321,-0.015
322,-0.012
323,-0.013
324,-0.021
325,-0.021
326,-0.015
327,-0.019
328,-0.025
329,-0.02
330,-0.018
331,-0.026
332,-0.028
333,-0.029
334,-0.024
335,-0.018
336,-0.019
337,-0.022
338,-0.024
339,-0.03
340,-0.025
341,-0.027
342,-0.023
343,-0.025
344,-0.019
345,-0.014
346,-0.013
347,-0.014
348,-0.01
349,-0.008
350,-0.006
351,-0.006
352,-0.004
353,-0.009
354,-0.01
355,-0.01
356,-0.008
357,-0.012
358,-0.013
359,-0.013
360,-0.018
361,-0.026
362,-0.033
363,-0.048
364,-0.052
365,-0.044
366,-0.054
367,-0.051
368,-0.037
369,-0.04
370,-0.046
371,-0.038
372,-0.03
373,-0.036
374,-0.038
375,-0.032
376,-0.024
377,-0.028
378,-0.03
379,-0.025
380,-0.021
381,-0.014
382,-0.014
383,-0.018
384,-0.04
385,-0.075
386,-0.169
387,-0.259
388,-0.181
389,-0.199
390,-0.089
391,-0.006
392,-0.02
393,-0.02
394,-0.031
395,-0.044
396,-0.029
397,-0.05
398,-0.044
399,-0.077
400,-0.097
401,-0.079
402,-0.11
403,-0.165
404,-0.169
405,-0.155
406,-0.222
407,-0.291
408,-0.301
409,-0.296
410,-0.374
411,-0.435
412,-0.439
413,-0.477
414,-0.573
415,-0.618
416,-0.636
417,-0.707
418,-0.807
419,-0.85
420,-0.877
421,-0.998
422,-1.115
423,-1.099
